latitude,longitude,elevation,utc_offset_seconds,timezone,timezone_abbreviation
48.752193,2.284264,104.0,3600,Europe/Paris,GMT+1

time,temperature_2m_min (°C),temperature_2m_max (°C),relative_humidity_2m_mean (%),cloud_cover_mean (%)
2006-12-16,3.3,8.4,93,84
2006-12-17,-0.2,7.0,95,73
2006-12-18,1.1,5.2,96,88
2006-12-19,0.6,4.2,89,32
2006-12-20,-0.9,4.7,86,8
2006-12-21,0.0,6.7,92,43
2006-12-22,1.6,6.1,90,6
2006-12-23,-0.9,4.0,91,50
2006-12-24,0.2,2.5,92,96
2006-12-25,-0.2,2.6,96,100
2006-12-26,-0.3,1.2,93,100
2006-12-27,-0.5,1.1,83,99
2006-12-28,-1.6,2.6,89,96
2006-12-29,-2.4,5.6,82,86
2006-12-30,4.0,11.3,78,86
2006-12-31,6.1,11.9,87,76
2007-01-01,5.8,12.4,80,71
2007-01-02,4.6,8.0,80,51
2007-01-03,3.7,8.4,89,85
2007-01-04,7.5,10.3,83,77
2007-01-05,7.6,11.1,85,93
2007-01-06,9.4,11.4,94,98
2007-01-07,6.3,9.7,84,97
2007-01-08,8.9,12.5,87,97
2007-01-09,9.9,13.0,83,86
2007-01-10,4.9,12.2,86,76
2007-01-11,4.2,11.4,81,85
2007-01-12,6.8,12.2,83,78
2007-01-13,9.9,11.5,89,100
2007-01-14,2.9,10.5,82,56
2007-01-15,3.1,9.6,87,90
2007-01-16,4.7,9.6,90,100
2007-01-17,8.9,12.1,90,99
2007-01-18,11.1,13.9,86,100
2007-01-19,12.0,14.4,83,100
2007-01-20,8.2,13.5,83,98
2007-01-21,3.9,9.3,76,48
2007-01-22,1.9,7.2,89,100
2007-01-23,-0.6,3.5,54,89
2007-01-24,-2.3,3.3,85,79
2007-01-25,-4.1,1.4,75,40
2007-01-26,-5.5,2.4,81,39
2007-01-27,0.1,7.6,88,62
2007-01-28,-0.6,6.7,88,68
2007-01-29,4.7,8.8,90,95
2007-01-30,5.3,8.5,89,98
2007-01-31,4.1,8.9,86,89
2007-02-01,3.9,10.9,90,100
2007-02-02,7.9,10.1,92,100
2007-02-03,3.8,8.4,81,41
2007-02-04,1.3,9.7,85,4
2007-02-05,1.6,6.6,87,86
2007-02-06,2.4,6.7,91,96
2007-02-07,0.5,3.1,90,97
2007-02-08,0.6,9.3,82,66
2007-02-09,2.4,8.8,89,85
2007-02-10,4.7,11.9,85,83
2007-02-11,7.5,12.4,77,84
2007-02-12,8.0,11.4,77,73
2007-02-13,6.9,10.3,71,88
2007-02-14,6.2,11.0,88,97
2007-02-15,-0.0,10.1,81,46
2007-02-16,3.2,14.5,66,90
2007-02-17,6.7,15.7,60,82
2007-02-18,3.4,13.8,87,47
2007-02-19,4.3,11.3,87,94
2007-02-20,4.5,13.9,83,93
2007-02-21,5.9,11.9,82,79
2007-02-22,4.0,11.7,84,90
2007-02-23,6.8,12.0,85,58
2007-02-24,8.1,12.2,83,86
2007-02-25,6.1,9.9,83,84
2007-02-26,5.2,10.4,83,78
2007-02-27,5.0,11.6,91,99
2007-02-28,8.6,13.5,80,87
2007-03-01,7.7,11.5,76,89
2007-03-02,4.1,10.9,81,73
2007-03-03,7.3,12.7,72,74
2007-03-04,3.7,15.4,80,79
2007-03-05,7.1,12.6,69,71
2007-03-06,8.2,9.7,79,97
2007-03-07,5.7,11.1,76,75
2007-03-08,3.0,12.7,79,77
2007-03-09,4.3,9.4,83,69
2007-03-10,1.0,11.9,78,11
2007-03-11,1.8,13.4,83,6
2007-03-12,-0.3,13.6,76,0
2007-03-13,0.7,14.5,80,24
2007-03-14,4.1,14.0,79,15
2007-03-15,2.6,14.1,76,5
2007-03-16,0.9,11.4,84,64
2007-03-17,5.6,12.5,83,92
2007-03-18,4.5,8.7,79,79
2007-03-19,1.1,6.0,80,90
2007-03-20,-0.5,7.7,82,67
2007-03-21,0.6,7.8,75,56
2007-03-22,1.6,7.5,64,84
2007-03-23,0.2,7.2,80,64
2007-03-24,-0.1,7.6,89,80
2007-03-25,5.1,9.4,80,87
2007-03-26,2.6,14.6,78,13
2007-03-27,2.0,15.3,82,13
2007-03-28,4.7,16.5,78,43
2007-03-29,4.2,12.6,83,71
2007-03-30,2.3,7.1,84,93
2007-03-31,0.9,7.9,92,94
2007-04-01,3.4,15.1,79,56
2007-04-02,6.1,17.7,72,27
2007-04-03,5.9,13.3,68,28
2007-04-04,3.5,11.4,60,38
2007-04-05,2.1,14.3,64,10
2007-04-06,3.9,17.1,75,0
2007-04-07,5.0,14.5,74,32
2007-04-08,4.1,14.9,69,0
2007-04-09,2.5,16.6,72,3
2007-04-10,3.8,17.7,73,2
2007-04-11,8.3,18.6,73,16
2007-04-12,7.9,21.5,75,39
2007-04-13,11.1,23.0,72,83
2007-04-14,11.9,24.4,76,14
2007-04-15,11.7,24.7,76,7
2007-04-16,12.1,24.1,73,29
2007-04-17,9.6,19.8,67,49
2007-04-18,6.4,15.7,63,56
2007-04-19,4.2,17.5,66,0
2007-04-20,6.8,18.6,63,2
2007-04-21,6.6,19.0,59,0
2007-04-22,6.6,22.5,60,2
2007-04-23,9.6,23.9,65,36
2007-04-24,10.4,25.1,65,98
2007-04-25,13.5,25.7,57,66
2007-04-26,12.4,25.2,68,65
2007-04-27,12.5,25.3,61,61
2007-04-28,12.7,24.5,67,19
2007-04-29,11.9,23.8,78,47
2007-04-30,11.2,22.7,72,56
2007-05-01,11.8,22.3,44,7
2007-05-02,11.4,20.9,45,12
2007-05-03,11.7,20.1,62,30
2007-05-04,10.7,20.1,72,75
2007-05-05,9.1,18.6,71,65
2007-05-06,6.6,18.9,70,79
2007-05-07,12.3,18.3,75,99
2007-05-08,11.9,19.7,75,96
2007-05-09,13.7,18.5,72,99
2007-05-10,12.5,22.1,62,88
2007-05-11,12.6,16.4,61,94
2007-05-12,11.8,18.2,68,84
2007-05-13,11.1,21.2,70,63
2007-05-14,10.6,17.7,68,71
2007-05-15,8.8,15.9,71,77
2007-05-16,10.6,16.7,76,98
2007-05-17,12.4,17.4,88,100
2007-05-18,11.3,19.9,85,90
2007-05-19,13.0,16.7,77,97
2007-05-20,10.2,16.8,81,98
2007-05-21,12.9,23.8,78,77
2007-05-22,12.7,21.5,79,71
2007-05-23,12.1,20.8,77,83
2007-05-24,13.8,24.4,71,18
2007-05-25,13.9,25.2,79,45
2007-05-26,13.4,22.2,82,94
2007-05-27,9.5,13.4,80,80
2007-05-28,8.4,15.2,81,87
2007-05-29,7.8,13.9,65,77
2007-05-30,8.5,15.9,79,87
2007-05-31,8.8,18.5,79,65
2007-06-01,8.8,17.2,78,68
2007-06-02,10.5,21.9,77,61
2007-06-03,12.7,22.3,75,31
2007-06-04,14.7,22.3,79,84
2007-06-05,14.1,23.0,73,47
2007-06-06,14.8,23.7,73,25
2007-06-07,14.0,22.6,85,95
2007-06-08,16.0,21.3,89,90
2007-06-09,15.4,21.8,82,75
2007-06-10,14.4,24.1,77,55
2007-06-11,13.7,23.8,81,89
2007-06-12,15.9,22.2,80,73
2007-06-13,13.8,24.0,78,79
2007-06-14,15.6,21.4,89,89
2007-06-15,15.0,19.9,77,79
2007-06-16,14.0,19.4,74,72
2007-06-17,11.2,21.9,80,54
2007-06-18,13.7,23.4,81,76
2007-06-19,14.3,28.7,78,76
2007-06-20,13.7,21.9,73,46
2007-06-21,14.4,20.0,69,71
2007-06-22,13.6,18.4,80,89
2007-06-23,13.1,20.2,78,67
2007-06-24,12.3,21.3,76,73
2007-06-25,12.2,18.0,74,72
2007-06-26,12.2,17.0,75,89
2007-06-27,9.9,16.2,72,67
2007-06-28,11.8,18.3,70,85
2007-06-29,12.8,18.3,77,92
2007-06-30,14.1,20.5,81,99
2007-07-01,16.5,21.9,71,67
2007-07-02,14.8,20.1,72,65
2007-07-03,13.1,19.0,83,84
2007-07-04,11.7,18.3,70,47
2007-07-05,13.3,18.3,71,94
2007-07-06,13.6,19.3,67,88
2007-07-07,10.9,19.0,71,82
2007-07-08,13.1,17.9,77,81
2007-07-09,10.1,17.2,79,58
2007-07-10,11.5,17.6,82,91
2007-07-11,11.2,19.1,77,72
2007-07-12,12.0,18.7,80,89
2007-07-13,15.2,26.1,73,19
2007-07-14,17.1,26.8,71,36
2007-07-15,17.9,29.5,68,38
2007-07-16,15.9,25.3,79,74
2007-07-17,13.6,22.7,71,27
2007-07-18,13.5,22.9,65,20
2007-07-19,15.9,24.2,66,55
2007-07-20,14.7,20.6,74,60
2007-07-21,10.7,20.9,68,55
2007-07-22,12.1,20.5,67,51
2007-07-23,14.8,19.0,79,88
2007-07-24,14.1,21.0,72,59
2007-07-25,10.8,21.4,76,21
2007-07-26,13.4,23.1,72,42
2007-07-27,15.2,21.3,75,76
2007-07-28,16.9,21.5,75,79
2007-07-29,14.7,20.7,78,84
2007-07-30,10.5,19.6,68,44
2007-07-31,9.5,20.2,62,11
2007-08-01,11.0,25.4,59,45
2007-08-02,14.8,21.9,75,71
2007-08-03,12.8,20.8,75,79
2007-08-04,14.4,25.9,62,8
2007-08-05,15.9,30.3,61,20
2007-08-06,16.4,20.9,78,96
2007-08-07,11.1,20.3,70,50
2007-08-08,12.7,18.2,85,96
2007-08-09,11.3,18.0,74,99
2007-08-10,14.3,19.2,77,98
2007-08-11,14.8,21.2,78,98
2007-08-12,15.5,22.3,85,58
2007-08-13,13.3,21.1,69,70
2007-08-14,13.0,22.9,74,94
2007-08-15,16.7,22.3,81,94
2007-08-16,13.6,19.4,72,48
2007-08-17,11.9,19.1,70,68
2007-08-18,9.4,20.1,72,55
2007-08-19,13.8,19.1,85,86
2007-08-20,12.8,16.5,82,100
2007-08-21,11.8,19.5,77,69
2007-08-22,14.6,20.2,92,97
2007-08-23,14.9,20.0,91,89
2007-08-24,14.0,22.1,84,72
2007-08-25,13.4,23.2,83,51
2007-08-26,12.5,24.3,83,80
2007-08-27,13.0,21.1,75,16
2007-08-28,11.1,19.9,71,71
2007-08-29,11.4,18.8,62,39
2007-08-30,9.5,19.4,68,45
2007-08-31,14.4,18.8,77,98
2007-09-01,15.1,19.9,79,87
2007-09-02,14.5,19.9,78,91
2007-09-03,12.4,18.2,75,81
2007-09-04,9.6,15.9,68,39
2007-09-05,7.1,17.7,74,41
2007-09-06,13.8,21.1,82,91
2007-09-07,14.8,19.6,77,97
2007-09-08,12.3,21.4,76,38
2007-09-09,13.5,18.9,76,73
2007-09-10,9.8,19.0,78,64
2007-09-11,10.7,17.5,75,55
2007-09-12,9.5,17.0,77,34
2007-09-13,10.2,21.2,71,0
2007-09-14,8.6,21.5,74,30
2007-09-15,12.4,20.2,79,74
2007-09-16,12.7,24.2,69,32
2007-09-17,11.8,20.9,76,84
2007-09-18,9.1,15.3,72,44
2007-09-19,5.3,15.5,74,67
2007-09-20,8.2,18.5,68,33
2007-09-21,7.5,21.8,73,78
2007-09-22,8.0,22.0,79,46
2007-09-23,14.0,20.7,76,77
2007-09-24,11.9,17.7,76,46
2007-09-25,8.9,15.8,71,38
2007-09-26,7.9,14.2,82,62
2007-09-27,7.8,15.0,74,85
2007-09-28,10.3,12.7,87,99
2007-09-29,9.7,17.0,81,73
2007-09-30,6.2,19.5,76,71
2007-10-01,13.1,20.7,88,100
2007-10-02,13.8,18.2,97,100
2007-10-03,14.9,20.6,91,79
2007-10-04,13.2,17.9,88,81
2007-10-05,12.2,19.2,78,69
2007-10-06,10.3,18.8,76,16
2007-10-07,6.9,18.1,82,0
2007-10-08,7.0,16.6,85,79
2007-10-09,11.1,17.5,81,93
2007-10-10,8.5,16.0,81,61
2007-10-11,10.5,16.4,83,87
2007-10-12,8.9,15.2,89,95
2007-10-13,11.7,15.0,83,88
2007-10-14,7.9,17.8,84,1
2007-10-15,9.4,17.1,85,43
2007-10-16,8.2,19.7,81,19
2007-10-17,10.0,16.0,83,76
2007-10-18,6.4,13.3,74,36
2007-10-19,4.8,12.3,79,48
2007-10-20,4.0,10.2,76,22
2007-10-21,0.2,10.7,76,10
2007-10-22,4.1,10.2,72,74
2007-10-23,1.2,10.1,76,16
2007-10-24,2.0,9.3,78,39
2007-10-25,5.5,10.7,78,82
2007-10-26,7.9,10.9,81,100
2007-10-27,7.7,10.4,79,98
2007-10-28,7.3,12.2,79,98
2007-10-29,7.9,10.4,93,96
2007-10-30,5.5,11.9,87,29
2007-10-31,2.9,11.2,89,15
2007-11-01,5.3,13.8,88,80
2007-11-02,9.5,12.6,89,98
2007-11-03,10.7,14.4,88,99
2007-11-04,8.4,12.1,78,84
2007-11-05,5.1,11.4,78,60
2007-11-06,5.4,10.6,76,51
2007-11-07,4.5,11.9,78,93
2007-11-08,7.9,12.9,82,87
2007-11-09,3.5,8.8,65,41
2007-11-10,4.3,11.1,80,88
2007-11-11,7.9,12.3,80,90
2007-11-12,1.7,7.7,80,42
2007-11-13,1.2,7.5,84,92
2007-11-14,0.9,7.1,82,50
2007-11-15,-1.1,4.4,79,2
2007-11-16,-3.1,3.5,83,18
2007-11-17,-3.0,5.1,84,0
2007-11-18,-2.9,4.2,85,73
2007-11-19,2.6,8.8,87,99
2007-11-20,6.0,10.7,90,98
2007-11-21,6.6,12.4,88,54
2007-11-22,5.3,11.6,90,45
2007-11-23,2.9,7.9,88,76
2007-11-24,-0.3,7.0,85,13
2007-11-25,4.6,9.9,83,94
2007-11-26,3.1,7.8,85,63
2007-11-27,1.4,7.0,88,48
2007-11-28,-1.1,3.1,96,62
2007-11-29,1.6,9.0,90,91
2007-11-30,3.5,8.9,92,79
2007-12-01,6.9,9.7,84,78
2007-12-02,7.7,10.9,88,93
2007-12-03,7.4,10.2,78,49
2007-12-04,5.6,11.3,86,75
2007-12-05,9.5,11.6,87,83
2007-12-06,8.1,12.5,89,95
2007-12-07,6.2,12.6,82,87
2007-12-08,3.6,11.1,90,83
2007-12-09,6.4,10.0,82,72
2007-12-10,5.6,7.2,88,87
2007-12-11,1.7,6.3,85,57
2007-12-12,-2.1,5.5,92,35
2007-12-13,0.6,5.3,90,70
2007-12-14,0.4,3.9,83,67
2007-12-15,-2.6,1.9,73,16
2007-12-16,-4.0,1.7,77,1
2007-12-17,-2.8,1.1,75,42
2007-12-18,-4.7,0.5,81,11
2007-12-19,-5.4,1.2,84,1
2007-12-20,-5.5,2.4,84,0
2007-12-21,-4.7,4.7,81,74
2007-12-22,-3.8,4.9,81,5
2007-12-23,-2.5,4.8,88,18
2007-12-24,-4.4,4.8,90,12
2007-12-25,-0.8,5.8,81,100
2007-12-26,0.0,6.6,95,81
2007-12-27,3.0,7.3,98,100
2007-12-28,3.4,7.2,95,82
2007-12-29,3.9,8.6,90,65
2007-12-30,2.7,8.1,92,52
2007-12-31,0.9,6.0,97,79
2008-01-01,0.5,4.2,97,100
2008-01-02,-1.7,2.5,82,76
2008-01-03,-1.3,5.7,88,99
2008-01-04,3.9,8.8,85,97
2008-01-05,7.1,9.4,90,90
2008-01-06,4.5,8.0,89,82
2008-01-07,7.1,11.2,81,49
2008-01-08,4.1,6.8,91,80
2008-01-09,4.6,8.6,85,91
2008-01-10,3.4,10.6,89,96
2008-01-11,6.6,10.4,81,93
2008-01-12,3.4,7.9,77,39
2008-01-13,3.4,8.1,77,95
2008-01-14,4.6,9.8,80,70
2008-01-15,6.7,8.7,86,100
2008-01-16,4.0,8.4,91,72
2008-01-17,3.8,11.2,90,88
2008-01-18,8.0,11.7,87,97
2008-01-19,9.9,12.5,82,94
2008-01-20,7.9,12.3,81,89
2008-01-21,5.4,10.5,80,85
2008-01-22,2.3,9.9,75,88
2008-01-23,2.0,9.5,82,69
2008-01-24,4.7,10.3,84,87
2008-01-25,-2.7,7.1,90,45
2008-01-26,-3.1,7.6,87,62
2008-01-27,-3.1,8.5,80,74
2008-01-28,-2.8,3.3,97,78
2008-01-29,0.4,4.0,95,100
2008-01-30,-0.8,4.2,95,72
2008-01-31,-1.7,6.2,86,81
2008-02-01,1.9,8.0,94,93
2008-02-02,-1.7,6.2,80,10
2008-02-03,-1.9,7.4,69,95
2008-02-04,2.7,7.9,84,82
2008-02-05,2.6,11.7,84,100
2008-02-06,3.0,11.0,80,42
2008-02-07,-0.4,7.6,95,42
2008-02-08,0.1,10.9,80,0
2008-02-09,-0.2,10.6,74,19
2008-02-10,-2.4,10.1,80,0
2008-02-11,-0.5,11.0,77,5
2008-02-12,-1.6,10.5,80,11
2008-02-13,-1.3,10.5,86,0
2008-02-14,-2.9,8.5,89,8
2008-02-15,-1.2,5.5,85,66
2008-02-16,-2.4,5.3,65,0
2008-02-17,-3.5,7.1,65,0
2008-02-18,-3.9,8.8,82,0
2008-02-19,-3.4,9.8,79,25
2008-02-20,4.4,8.1,94,98
2008-02-21,5.9,10.9,90,100
2008-02-22,8.4,11.7,84,99
2008-02-23,5.6,11.6,85,81
2008-02-24,0.8,15.1,84,22
2008-02-25,7.6,11.7,88,98
2008-02-26,7.6,10.6,89,87
2008-02-27,4.8,10.3,78,96
2008-02-28,6.1,11.6,91,100
2008-02-29,9.1,12.3,85,100
2008-03-01,8.0,12.2,70,71
2008-03-02,7.5,12.5,81,90
2008-03-03,4.2,10.1,70,75
2008-03-04,2.0,7.5,77,72
2008-03-05,-0.4,6.5,68,31
2008-03-06,-2.2,10.1,82,72
2008-03-07,3.7,9.7,83,82
2008-03-08,-0.8,10.3,79,93
2008-03-09,4.2,9.6,84,81
2008-03-10,3.5,8.9,84,88
2008-03-11,5.9,13.0,76,82
2008-03-12,5.6,12.2,68,56
2008-03-13,5.4,10.6,76,95
2008-03-14,9.4,12.4,85,100
2008-03-15,6.4,17.5,80,99
2008-03-16,7.9,12.4,87,94
2008-03-17,4.4,8.7,74,92
2008-03-18,-0.2,7.4,72,37
2008-03-19,-0.4,7.8,74,34
2008-03-20,-0.8,8.4,77,84
2008-03-21,3.9,8.2,77,65
2008-03-22,0.3,8.2,78,70
2008-03-23,-2.2,6.1,69,71
2008-03-24,-0.1,6.9,80,76
2008-03-25,-1.1,7.2,73,71
2008-03-26,2.7,9.9,84,90
2008-03-27,2.9,10.1,81,62
2008-03-28,0.1,9.8,88,75
2008-03-29,3.3,12.0,71,70
2008-03-30,6.9,11.4,72,95
2008-03-31,4.6,12.1,85,65
2008-04-01,3.5,12.4,86,80
2008-04-02,5.4,11.8,85,96
2008-04-03,7.0,11.9,77,75
2008-04-04,1.9,13.1,80,50
2008-04-05,4.0,10.4,84,79
2008-04-06,0.5,7.7,84,72
2008-04-07,-0.2,8.1,73,60
2008-04-08,-0.8,9.3,67,95
2008-04-09,1.6,7.9,77,98
2008-04-10,0.5,10.8,72,86
2008-04-11,3.0,12.2,66,74
2008-04-12,3.9,12.9,80,57
2008-04-13,6.2,12.0,87,91
2008-04-14,4.4,10.7,82,74
2008-04-15,2.7,10.7,75,47
2008-04-16,-1.0,11.5,66,10
2008-04-17,1.1,11.4,61,56
2008-04-18,6.6,14.9,79,97
2008-04-19,8.3,15.0,83,78
2008-04-20,6.9,15.4,78,93
2008-04-21,9.8,14.6,79,98
2008-04-22,5.8,16.9,84,72
2008-04-23,7.5,14.5,83,53
2008-04-24,3.1,16.5,76,37
2008-04-25,6.0,15.9,74,76
2008-04-26,5.3,18.6,71,90
2008-04-27,9.4,22.4,71,84
2008-04-28,8.3,15.5,81,88
2008-04-29,6.5,13.0,87,90
2008-04-30,8.1,13.9,72,72
2008-05-01,6.6,14.1,78,77
2008-05-02,5.0,16.2,75,75
2008-05-03,8.6,21.2,70,51
2008-05-04,9.7,21.9,71,66
2008-05-05,9.8,20.0,63,68
2008-05-06,9.5,21.2,67,1
2008-05-07,10.3,22.8,66,10
2008-05-08,11.5,23.7,61,16
2008-05-09,12.5,23.8,63,74
2008-05-10,13.6,23.7,60,94
2008-05-11,12.1,22.8,56,7
2008-05-12,11.6,23.0,63,13
2008-05-13,10.0,24.0,61,26
2008-05-14,10.9,23.5,70,56
2008-05-15,13.3,18.1,87,96
2008-05-16,10.1,20.2,83,81
2008-05-17,11.1,18.3,84,64
2008-05-18,8.4,16.8,85,77
2008-05-19,9.0,15.1,63,75
2008-05-20,7.8,16.6,63,67
2008-05-21,9.4,17.6,61,74
2008-05-22,10.5,18.2,66,81
2008-05-23,10.7,20.3,64,78
2008-05-24,13.3,21.4,79,96
2008-05-25,10.7,20.7,77,74
2008-05-26,14.3,21.1,81,86
2008-05-27,10.6,19.5,90,94
2008-05-28,14.4,20.2,79,80
2008-05-29,11.9,20.4,83,98
2008-05-30,12.1,21.8,80,92
2008-05-31,12.7,18.6,83,96
2008-06-01,11.5,21.5,83,95
2008-06-02,14.2,21.4,82,90
2008-06-03,13.8,18.9,83,90
2008-06-04,12.4,16.9,79,100
2008-06-05,12.1,18.7,67,100
2008-06-06,11.5,15.7,72,99
2008-06-07,9.7,17.4,79,96
2008-06-08,9.1,20.2,77,55
2008-06-09,13.3,24.8,78,30
2008-06-10,13.8,24.9,71,5
2008-06-11,12.5,20.3,69,45
2008-06-12,10.7,16.2,78,55
2008-06-13,6.5,16.0,69,48
2008-06-14,10.3,17.5,69,87
2008-06-15,9.9,17.1,77,98
2008-06-16,8.4,18.5,79,60
2008-06-17,9.3,20.7,61,29
2008-06-18,11.3,20.6,63,60
2008-06-19,12.3,21.2,74,73
2008-06-20,13.1,21.2,77,83
2008-06-21,13.1,26.3,72,33
2008-06-22,16.2,26.2,74,43
2008-06-23,11.0,21.4,65,30
2008-06-24,13.6,27.0,72,25
2008-06-25,16.9,23.9,67,41
2008-06-26,12.2,22.6,63,70
2008-06-27,12.5,20.7,68,67
2008-06-28,15.4,23.9,69,66
2008-06-29,15.6,23.1,70,91
2008-06-30,12.4,23.3,62,19
2008-07-01,12.2,28.3,62,6
2008-07-02,17.3,22.1,78,86
2008-07-03,13.8,21.3,68,63
2008-07-04,10.3,21.1,64,33
2008-07-05,15.2,21.8,69,84
2008-07-06,12.0,20.9,58,51
2008-07-07,13.1,19.2,71,68
2008-07-08,13.8,19.3,68,75
2008-07-09,13.1,22.5,67,69
2008-07-10,14.5,25.3,69,64
2008-07-11,15.4,21.4,72,71
2008-07-12,13.4,19.0,65,49
2008-07-13,10.0,18.9,68,45
2008-07-14,9.1,21.7,63,24
2008-07-15,11.7,24.3,70,17
2008-07-16,15.2,22.0,74,82
2008-07-17,12.6,22.1,64,70
2008-07-18,14.5,20.9,66,80
2008-07-19,15.7,22.8,67,52
2008-07-20,11.5,20.3,62,40
2008-07-21,11.3,20.0,58,40
2008-07-22,10.8,23.3,58,7
2008-07-23,12.3,25.7,58,5
2008-07-24,14.5,27.1,49,19
2008-07-25,15.8,27.1,60,83
2008-07-26,16.7,25.0,74,73
2008-07-27,16.2,27.0,66,54
2008-07-28,16.9,29.2,67,45
2008-07-29,15.6,25.1,66,71
2008-07-30,17.2,28.4,58,43
2008-07-31,19.7,31.7,65,85
2008-08-01,17.5,22.6,60,80
2008-08-02,15.2,21.2,76,83
2008-08-03,16.9,23.2,81,92
2008-08-04,16.2,24.1,67,68
2008-08-05,15.1,26.0,63,66
2008-08-06,15.1,30.0,59,23
2008-08-07,16.9,23.9,77,81
2008-08-08,15.3,21.6,78,74
2008-08-09,14.7,23.4,66,62
2008-08-10,16.2,21.7,71,80
2008-08-11,14.7,22.5,66,90
2008-08-12,15.7,22.8,65,54
2008-08-13,14.8,20.9,58,45
2008-08-14,12.0,20.2,63,69
2008-08-15,12.1,20.9,69,62
2008-08-16,11.9,22.6,61,93
2008-08-17,14.6,21.2,66,68
2008-08-18,14.6,22.5,69,64
2008-08-19,15.4,21.8,65,61
2008-08-20,15.2,21.2,63,73
2008-08-21,14.2,22.6,70,72
2008-08-22,14.2,18.6,91,84
2008-08-23,11.4,19.0,72,56
2008-08-24,12.1,19.4,75,80
2008-08-25,14.3,21.9,75,74
2008-08-26,15.8,23.4,73,84
2008-08-27,15.7,23.1,75,60
2008-08-28,15.4,20.1,75,96
2008-08-29,16.0,21.0,76,88
2008-08-30,14.5,27.5,73,8
2008-08-31,16.0,25.7,76,76
2008-09-01,16.4,21.8,66,84
2008-09-02,14.6,21.4,73,92
2008-09-03,12.6,16.6,80,90
2008-09-04,10.6,18.8,74,80
2008-09-05,12.7,18.8,87,91
2008-09-06,15.2,20.2,62,51
2008-09-07,14.0,18.8,69,77
2008-09-08,10.8,19.3,72,39
2008-09-09,11.6,23.9,74,57
2008-09-10,15.4,23.2,79,89
2008-09-11,14.4,25.5,83,56
2008-09-12,11.9,17.4,79,63
2008-09-13,9.1,17.8,79,83
2008-09-14,11.5,17.7,73,43
2008-09-15,7.7,16.1,71,79
2008-09-16,8.2,16.3,65,65
2008-09-17,8.5,15.1,64,93
2008-09-18,7.6,16.2,68,52
2008-09-19,7.7,17.3,71,7
2008-09-20,7.6,17.9,64,2
2008-09-21,7.4,16.8,62,34
2008-09-22,8.2,17.0,72,23
2008-09-23,7.9,16.2,74,57
2008-09-24,11.1,17.6,77,75
2008-09-25,12.4,17.9,71,73
2008-09-26,8.5,17.7,65,9
2008-09-27,7.8,18.7,62,0
2008-09-28,6.0,18.8,72,19
2008-09-29,6.1,16.8,80,65
2008-09-30,9.2,14.4,77,98
2008-10-01,11.7,16.2,69,84
2008-10-02,7.7,14.0,69,65
2008-10-03,6.1,11.3,76,60
2008-10-04,3.4,13.5,67,74
2008-10-05,10.3,15.3,80,98
2008-10-06,12.8,17.8,79,84
2008-10-07,12.8,21.6,81,97
2008-10-08,11.5,15.9,78,100
2008-10-09,7.6,14.7,81,54
2008-10-10,5.1,17.2,83,40
2008-10-11,7.4,20.5,87,42
2008-10-12,9.2,19.3,88,65
2008-10-13,12.8,23.0,81,31
2008-10-14,11.8,17.1,76,98
2008-10-15,13.2,16.3,83,99
2008-10-16,7.7,13.5,83,84
2008-10-17,4.7,13.6,76,63
2008-10-18,6.4,13.4,69,80
2008-10-19,6.9,14.8,72,38
2008-10-20,6.6,19.4,77,49
2008-10-21,8.2,14.9,88,98
2008-10-22,5.4,12.9,80,64
2008-10-23,2.2,13.3,79,38
2008-10-24,4.4,11.3,82,86
2008-10-25,9.1,13.9,90,84
2008-10-26,8.4,14.8,85,99
2008-10-27,5.9,13.0,86,74
2008-10-28,3.2,9.3,83,43
2008-10-29,0.8,8.1,86,60
2008-10-30,1.6,6.3,84,97
2008-10-31,4.2,6.4,93,98
2008-11-01,5.7,11.7,89,99
2008-11-02,6.8,11.7,81,100
2008-11-03,7.9,16.3,84,54
2008-11-04,4.3,15.3,84,44
2008-11-05,7.5,10.4,90,100
2008-11-06,7.3,10.7,93,98
2008-11-07,5.8,10.4,93,76
2008-11-08,5.0,12.9,85,78
2008-11-09,10.4,12.5,81,99
2008-11-10,12.3,14.1,82,100
2008-11-11,7.6,14.2,78,59
2008-11-12,4.6,10.0,89,61
2008-11-13,2.3,10.4,89,58
2008-11-14,3.4,11.1,91,95
2008-11-15,9.1,12.2,91,98
2008-11-16,10.1,12.5,92,100
2008-11-17,6.5,10.6,81,96
2008-11-18,7.3,10.6,90,97
2008-11-19,6.7,10.0,89,94
2008-11-20,8.3,12.0,89,100
2008-11-21,5.4,10.9,78,95
2008-11-22,0.9,5.8,65,58
2008-11-23,-2.9,6.2,86,58
2008-11-24,0.4,6.3,85,82
2008-11-25,-1.9,6.0,87,53
2008-11-26,0.3,5.6,93,55
2008-11-27,2.3,4.6,85,91
2008-11-28,0.9,3.1,90,98
2008-11-29,0.1,4.5,90,93
2008-11-30,0.2,4.5,94,100
2008-12-01,2.9,5.6,92,97
2008-12-02,0.0,5.6,85,59
2008-12-03,-0.3,6.9,94,89
2008-12-04,-1.8,8.7,93,72
2008-12-05,4.9,7.9,86,80
2008-12-06,2.1,7.7,87,64
2008-12-07,-1.4,6.3,91,61
2008-12-08,-1.5,3.9,93,94
2008-12-09,-1.8,2.9,96,78
2008-12-10,-1.2,3.1,90,47
2008-12-11,-3.7,3.6,90,51
2008-12-12,-2.0,1.8,90,70
2008-12-13,-2.0,3.3,80,92
2008-12-14,1.5,4.3,95,100
2008-12-15,-1.0,4.6,93,85
2008-12-16,-1.0,0.9,96,100
2008-12-17,-0.5,6.3,94,93
2008-12-18,-0.0,7.7,95,98
2008-12-19,4.3,8.5,89,67
2008-12-20,4.5,10.1,90,99
2008-12-21,7.2,10.4,84,93
2008-12-22,6.4,9.2,90,96
2008-12-23,2.9,8.1,91,62
2008-12-24,2.4,5.3,95,84
2008-12-25,3.2,6.2,81,77
2008-12-26,-1.0,3.1,60,17
2008-12-27,-2.3,1.8,70,0
2008-12-28,-3.6,0.5,73,9
2008-12-29,-4.9,1.6,81,0
2008-12-30,-3.1,2.1,83,85
2008-12-31,-1.3,2.4,91,88
2009-01-01,-2.8,2.6,90,84
2009-01-02,-2.8,1.0,83,75
2009-01-03,-3.9,0.3,79,47
2009-01-04,-6.3,-0.3,84,70
2009-01-05,-2.4,1.0,85,97
2009-01-06,-8.1,-1.7,74,72
2009-01-07,-10.5,-1.0,73,36
2009-01-08,-5.4,-0.3,83,44
2009-01-09,-8.0,-1.4,79,0
2009-01-10,-9.1,-0.2,87,13
2009-01-11,-6.7,4.6,81,30
2009-01-12,-1.9,4.9,80,92
2009-01-13,2.2,4.0,87,99
2009-01-14,-0.1,5.3,94,91
2009-01-15,-0.2,2.6,93,82
2009-01-16,-1.5,4.4,91,95
2009-01-17,4.1,7.5,94,99
2009-01-18,4.4,7.4,84,83
2009-01-19,4.0,10.3,82,72
2009-01-20,0.2,5.2,85,47
2009-01-21,-1.9,4.5,89,66
2009-01-22,2.5,7.3,92,100
2009-01-23,2.7,10.9,84,77
2009-01-24,0.7,5.7,87,82
2009-01-25,-0.1,6.8,85,80
2009-01-26,3.3,5.8,91,99
2009-01-27,1.7,6.1,86,92
2009-01-28,-0.7,3.9,89,97
2009-01-29,-1.9,2.9,87,60
2009-01-30,-2.9,4.9,84,37
2009-01-31,-1.7,6.0,74,82
2009-02-01,-3.0,1.9,68,46
2009-02-02,-1.5,4.9,86,97
2009-02-03,-4.4,2.6,83,52
2009-02-04,-4.8,3.6,87,84
2009-02-05,2.1,8.5,86,88
2009-02-06,1.4,9.6,84,46
2009-02-07,-1.5,2.3,93,84
2009-02-08,-1.9,4.8,79,86
2009-02-09,0.6,10.3,91,98
2009-02-10,1.3,10.1,83,74
2009-02-11,-1.8,5.9,83,52
2009-02-12,-0.6,4.7,80,76
2009-02-13,-0.0,4.1,89,95
2009-02-14,-2.9,2.8,83,61
2009-02-15,-2.9,4.6,78,95
2009-02-16,0.7,8.5,85,100
2009-02-17,4.4,8.2,91,100
2009-02-18,2.3,7.0,85,100
2009-02-19,-1.2,6.1,74,47
2009-02-20,1.1,8.7,89,88
2009-02-21,3.5,7.9,90,92
2009-02-22,3.5,7.9,90,92
2009-02-23,5.2,8.0,87,100
2009-02-24,3.4,6.7,81,96
2009-02-25,1.4,7.8,79,81
2009-02-26,-0.5,8.7,85,85
2009-02-27,2.4,9.6,88,81
2009-02-28,3.4,12.8,87,43
2009-03-01,3.0,12.1,86,83
2009-03-02,3.5,10.3,79,67
2009-03-03,-0.6,9.7,75,50
2009-03-04,0.8,7.8,79,90
2009-03-05,-2.8,7.3,78,66
2009-03-06,0.5,8.3,74,51
2009-03-07,-1.0,10.3,82,82
2009-03-08,4.7,9.5,83,78
2009-03-09,3.0,9.7,72,55
2009-03-10,4.2,11.4,82,85
2009-03-11,2.0,10.3,75,79
2009-03-12,4.8,11.9,77,100
2009-03-13,5.7,12.0,78,88
2009-03-14,3.9,12.4,82,81
2009-03-15,3.4,13.9,76,50
2009-03-16,0.9,13.2,82,32
2009-03-17,1.0,14.3,82,34
2009-03-18,3.9,14.4,70,4
2009-03-19,-0.4,13.8,63,5
2009-03-20,1.5,10.2,62,18
2009-03-21,-1.7,10.6,62,0
2009-03-22,-0.6,9.0,81,54
2009-03-23,3.3,13.5,77,57
2009-03-24,2.8,8.9,66,42
2009-03-25,2.5,10.8,75,73
2009-03-26,4.4,10.7,78,90
2009-03-27,5.0,10.5,75,70
2009-03-28,3.6,10.5,78,67
2009-03-29,0.1,8.9,74,37
2009-03-30,-2.3,9.7,68,29
2009-03-31,1.3,13.3,65,10
2009-04-01,3.1,14.8,65,27
2009-04-02,6.2,16.8,71,35
2009-04-03,9.3,16.6,81,81
2009-04-04,7.2,13.1,74,70
2009-04-05,7.9,13.6,78,81
2009-04-06,6.5,18.4,70,44
2009-04-07,8.3,13.8,74,84
2009-04-08,5.6,11.7,85,88
2009-04-09,9.7,18.2,76,62
2009-04-10,10.5,18.3,65,82
2009-04-11,8.2,18.7,77,84
2009-04-12,10.0,19.0,80,86
2009-04-13,8.8,16.5,83,89
2009-04-14,11.1,18.7,79,66
2009-04-15,9.9,19.8,72,85
2009-04-16,8.1,14.5,77,96
2009-04-17,6.5,14.5,74,100
2009-04-18,7.3,11.2,88,98
2009-04-19,8.8,15.9,80,80
2009-04-20,7.8,18.1,74,63
2009-04-21,7.5,18.2,75,23
2009-04-22,5.5,17.8,71,42
2009-04-23,4.1,16.2,64,47
2009-04-24,5.9,16.8,60,26
2009-04-25,8.0,14.3,71,85
2009-04-26,7.4,13.9,85,100
2009-04-27,7.1,14.2,75,90
2009-04-28,4.3,12.9,83,72
2009-04-29,5.8,14.2,85,65
2009-04-30,3.0,16.6,75,57
2009-05-01,5.4,18.3,73,32
2009-05-02,5.4,15.3,83,66
2009-05-03,7.0,13.4,81,85
2009-05-04,4.3,13.9,69,82
2009-05-05,6.8,16.3,76,92
2009-05-06,9.2,16.0,73,89
2009-05-07,6.1,20.8,74,26
2009-05-08,10.8,16.0,75,83
2009-05-09,8.8,16.0,79,82
2009-05-10,7.9,19.9,84,95
2009-05-11,11.4,18.5,84,94
2009-05-12,11.2,18.7,83,83
2009-05-13,10.9,21.6,88,84
2009-05-14,11.3,18.1,90,98
2009-05-15,9.7,15.7,77,69
2009-05-16,8.2,16.4,74,86
2009-05-17,9.5,15.1,80,76
2009-05-18,8.2,16.6,69,33
2009-05-19,7.0,17.8,75,77
2009-05-20,8.0,20.8,72,92
2009-05-21,12.7,21.2,73,97
2009-05-22,9.4,18.4,65,19
2009-05-23,9.0,21.8,70,73
2009-05-24,12.7,26.4,76,41
2009-05-25,16.1,28.6,79,53
2009-05-26,10.6,17.3,79,73
2009-05-27,7.7,15.6,67,81
2009-05-28,13.3,18.2,80,93
2009-05-29,11.3,20.5,69,17
2009-05-30,10.6,21.0,55,0
2009-05-31,11.3,20.9,67,39
2009-06-01,12.3,23.3,68,48
2009-06-02,13.4,22.1,65,3
2009-06-03,10.9,21.4,65,44
2009-06-04,10.5,16.6,60,34
2009-06-05,8.3,18.0,55,80
2009-06-06,10.0,14.2,72,89
2009-06-07,10.4,17.3,72,71
2009-06-08,8.4,15.2,85,81
2009-06-09,10.9,17.7,82,62
2009-06-10,11.1,16.0,82,85
2009-06-11,10.5,18.2,71,65
2009-06-12,10.0,19.8,72,78
2009-06-13,13.1,23.9,67,56
2009-06-14,14.3,25.1,73,78
2009-06-15,14.6,19.2,86,94
2009-06-16,10.5,19.1,72,50
2009-06-17,10.0,23.7,69,56
2009-06-18,13.5,19.4,79,79
2009-06-19,12.0,18.3,64,70
2009-06-20,9.3,17.9,75,66
2009-06-21,8.4,18.5,74,56
2009-06-22,11.0,18.3,64,54
2009-06-23,9.4,21.1,62,26
2009-06-24,13.2,23.4,62,29
2009-06-25,15.0,25.0,74,52
2009-06-26,14.8,22.3,84,89
2009-06-27,12.6,23.4,74,26
2009-06-28,13.7,25.1,73,56
2009-06-29,15.4,27.7,68,14
2009-06-30,16.3,28.3,64,10
2009-07-01,16.4,28.1,66,12
2009-07-02,17.1,29.8,64,44
2009-07-03,18.7,25.7,65,45
2009-07-04,14.9,26.0,61,45
2009-07-05,18.0,25.6,59,65
2009-07-06,16.4,22.4,58,60
2009-07-07,14.7,21.0,64,68
2009-07-08,14.3,21.0,69,70
2009-07-09,12.5,19.5,61,52
2009-07-10,11.9,19.1,62,72
2009-07-11,13.3,20.8,66,90
2009-07-12,15.8,22.7,77,68
2009-07-13,14.0,23.8,70,62
2009-07-14,15.5,24.4,63,39
2009-07-15,15.1,23.7,56,39
2009-07-16,15.8,28.5,58,77
2009-07-17,14.0,20.8,72,75
2009-07-18,13.6,20.5,65,75
2009-07-19,14.3,20.7,65,70
2009-07-20,13.5,23.1,61,72
2009-07-21,16.7,30.0,61,92
2009-07-22,17.2,27.1,66,77
2009-07-23,15.9,23.4,76,85
2009-07-24,14.6,22.1,70,53
2009-07-25,13.0,20.8,67,71
2009-07-26,11.6,24.6,62,54
2009-07-27,12.8,22.5,68,41
2009-07-28,14.0,23.6,61,52
2009-07-29,12.2,26.5,58,80
2009-07-30,14.3,21.3,56,84
2009-07-31,13.6,23.8,54,75
2009-08-01,14.2,25.7,57,64
2009-08-02,14.7,20.7,73,84
2009-08-03,12.7,22.3,64,74
2009-08-04,11.9,25.6,61,17
2009-08-05,15.4,27.7,55,58
2009-08-06,14.9,30.0,58,30
2009-08-07,17.8,23.7,74,78
2009-08-08,16.4,23.0,73,74
2009-08-09,16.8,25.5,62,91
2009-08-10,15.1,25.8,58,39
2009-08-11,17.8,22.1,66,78
2009-08-12,13.5,27.0,71,4
2009-08-13,16.5,22.4,78,87
2009-08-14,16.6,25.6,56,43
2009-08-15,15.4,31.0,50,8
2009-08-16,15.8,29.3,66,33
2009-08-17,16.3,25.9,63,56
2009-08-18,12.6,28.0,60,48
2009-08-19,15.9,34.7,52,6
2009-08-20,19.9,30.7,54,66
2009-08-21,16.7,23.4,48,91
2009-08-22,13.4,25.2,49,47
2009-08-23,15.3,27.9,43,2
2009-08-24,14.5,29.1,62,54
2009-08-25,16.4,21.5,75,68
2009-08-26,13.2,26.3,57,44
2009-08-27,15.2,24.5,66,56
2009-08-28,15.4,22.1,54,54
2009-08-29,12.3,21.4,57,48
2009-08-30,11.0,22.6,60,10
2009-08-31,13.5,28.6,43,8
2009-09-01,17.1,23.1,63,58
2009-09-02,14.0,21.7,62,89
2009-09-03,14.1,19.2,68,77
2009-09-04,13.0,17.5,72,55
2009-09-05,11.0,18.2,66,58
2009-09-06,9.6,21.3,71,42
2009-09-07,10.9,26.3,69,33
2009-09-08,11.6,28.2,65,46
2009-09-09,12.7,26.6,69,75
2009-09-10,14.8,21.3,71,69
2009-09-11,13.3,19.6,62,72
2009-09-12,11.9,20.3,63,53
2009-09-13,10.7,18.2,72,63
2009-09-14,11.4,18.2,71,68
2009-09-15,11.0,16.8,72,54
2009-09-16,12.1,20.7,76,82
2009-09-17,14.8,18.8,75,96
2009-09-18,15.1,21.8,76,54
2009-09-19,14.4,23.0,71,53
2009-09-20,13.6,21.9,77,63
2009-09-21,13.5,21.1,79,64
2009-09-22,10.9,21.1,79,45
2009-09-23,10.1,21.5,75,42
2009-09-24,10.8,20.5,80,75
2009-09-25,9.5,20.2,68,7
2009-09-26,9.5,20.6,66,0
2009-09-27,9.4,22.0,67,0
2009-09-28,9.6,20.8,73,52
2009-09-29,10.8,20.6,75,47
2009-09-30,10.9,20.3,75,66
2009-10-01,11.9,18.6,74,58
2009-10-02,8.8,16.2,72,58
2009-10-03,7.7,17.4,67,67
2009-10-04,11.2,18.1,63,74
2009-10-05,12.4,20.6,75,92
2009-10-06,15.3,21.5,91,75
2009-10-07,15.7,22.1,88,92
2009-10-08,14.3,19.7,86,94
2009-10-09,12.7,19.9,84,92
2009-10-10,11.5,18.6,81,54
2009-10-11,9.6,16.8,80,92
2009-10-12,9.6,15.3,74,64
2009-10-13,7.7,14.1,79,70
2009-10-14,5.1,11.6,66,40
2009-10-15,2.0,9.7,68,26
2009-10-16,5.3,13.4,78,81
2009-10-17,7.0,12.0,74,49
2009-10-18,2.3,11.5,78,23
2009-10-19,0.9,10.9,72,57
2009-10-20,4.0,17.0,67,87
2009-10-21,9.4,13.3,89,100
2009-10-22,5.9,15.4,84,32
2009-10-23,7.3,14.6,85,74
2009-10-24,12.0,16.5,93,96
2009-10-25,9.9,15.2,81,71
2009-10-26,7.8,15.9,82,41
2009-10-27,4.5,15.7,85,65
2009-10-28,5.2,15.5,88,92
2009-10-29,5.9,14.3,93,73
2009-10-30,7.1,12.9,90,100
2009-10-31,5.5,15.8,92,91
2009-11-01,11.4,16.2,95,98
2009-11-02,6.4,11.1,79,83
2009-11-03,5.9,12.4,90,100
2009-11-04,7.3,11.4,75,71
2009-11-05,6.8,10.7,82,79
2009-11-06,5.2,11.3,83,57
2009-11-07,4.7,10.1,83,68
2009-11-08,4.4,8.6,87,94
2009-11-09,3.4,9.8,83,72
2009-11-10,3.9,9.0,88,85
2009-11-11,5.5,8.3,84,89
2009-11-12,6.8,13.1,85,98
2009-11-13,11.3,17.2,79,88
2009-11-14,11.5,14.6,68,81
2009-11-15,10.1,14.2,79,98
2009-11-16,10.5,15.2,85,98
2009-11-17,8.7,12.2,87,85
2009-11-18,8.5,11.8,88,61
2009-11-19,5.3,14.3,89,13
2009-11-20,9.5,15.9,85,53
2009-11-21,10.3,15.7,80,69
2009-11-22,8.7,14.9,78,62
2009-11-23,8.6,12.7,78,85
2009-11-24,11.2,13.5,83,90
2009-11-25,7.7,11.6,80,59
2009-11-26,7.3,10.9,83,50
2009-11-27,6.0,9.9,79,55
2009-11-28,6.2,10.1,87,96
2009-11-29,5.7,9.7,81,93
2009-11-30,3.7,8.2,86,72
2009-12-01,3.6,7.6,84,71
2009-12-02,4.4,9.6,86,95
2009-12-03,4.1,9.7,84,68
2009-12-04,1.7,7.6,86,57
2009-12-05,5.4,11.6,90,98
2009-12-06,6.4,12.4,85,69
2009-12-07,4.5,10.6,91,73
2009-12-08,4.2,8.9,85,63
2009-12-09,7.8,11.9,97,100
2009-12-10,5.6,11.9,88,70
2009-12-11,1.5,8.7,89,47
2009-12-12,1.7,5.3,83,66
2009-12-13,-0.9,2.5,80,64
2009-12-14,-1.8,0.7,70,70
2009-12-15,-4.5,-0.0,72,56
2009-12-16,-4.5,0.3,78,57
2009-12-17,-5.0,0.6,85,82
2009-12-18,-4.7,0.3,84,79
2009-12-19,-6.2,-2.0,79,21
2009-12-20,-4.9,1.2,91,63
2009-12-21,-4.3,2.1,94,98
2009-12-22,0.3,4.1,94,100
2009-12-23,-0.2,4.1,92,98
2009-12-24,0.0,5.7,95,98
2009-12-25,1.3,6.5,87,53
2009-12-26,-0.2,6.3,90,54
2009-12-27,0.7,7.5,82,45
2009-12-28,0.3,5.6,92,100
2009-12-29,3.3,12.2,93,99
2009-12-30,6.9,10.5,92,94
2009-12-31,1.0,7.1,95,100
2010-01-01,-3.0,0.8,75,75
2010-01-02,-4.3,3.3,85,37
2010-01-03,-3.5,2.5,89,65
2010-01-04,-6.2,-1.6,76,19
2010-01-05,-5.4,-0.1,81,90
2010-01-06,-4.9,-1.4,83,93
2010-01-07,-7.6,-1.8,82,55
2010-01-08,-7.8,-0.7,81,74
2010-01-09,-4.8,-1.5,76,98
2010-01-10,-2.2,0.3,80,98
2010-01-11,-2.6,0.3,84,96
2010-01-12,-2.5,0.0,83,92
2010-01-13,-1.7,3.9,96,87
2010-01-14,-0.7,5.3,93,96
2010-01-15,-0.8,4.5,96,98
2010-01-16,1.4,7.5,93,98
2010-01-17,3.4,8.9,86,46
2010-01-18,-0.4,5.1,98,81
2010-01-19,0.6,3.4,94,99
2010-01-20,-1.9,6.1,94,93
2010-01-21,2.7,5.7,88,95
2010-01-22,3.1,6.3,87,96
2010-01-23,2.3,4.4,87,100
2010-01-24,2.2,5.0,95,96
2010-01-25,-2.2,5.4,91,49
2010-01-26,-3.7,1.1,76,74
2010-01-27,-5.5,0.9,66,52
2010-01-28,1.1,5.5,89,94
2010-01-29,-0.3,5.9,93,87
2010-01-30,-3.5,2.6,79,20
2010-01-31,-3.9,3.4,75,52
2010-02-01,-2.5,4.2,85,58
2010-02-02,-1.2,6.4,89,85
2010-02-03,5.3,9.1,90,94
2010-02-04,2.9,9.1,83,96
2010-02-05,4.5,9.9,83,75
2010-02-06,4.0,7.8,90,91
2010-02-07,2.5,5.2,83,90
2010-02-08,0.9,3.7,87,93
2010-02-09,-3.0,0.9,78,97
2010-02-10,-4.4,2.7,72,47
2010-02-11,-5.2,-0.6,71,93
2010-02-12,-4.0,-0.4,70,80
2010-02-13,-4.2,-2.0,72,89
2010-02-14,-4.2,1.7,68,87
2010-02-15,-3.8,2.9,76,79
2010-02-16,-4.7,3.9,73,8
2010-02-17,-3.8,4.4,93,91
2010-02-18,-0.3,9.1,88,66
2010-02-19,-0.3,6.6,77,61
2010-02-20,-1.2,5.7,80,78
2010-02-21,-0.6,7.4,83,89
2010-02-22,3.9,13.0,79,92
2010-02-23,7.6,12.5,88,97
2010-02-24,5.6,11.8,84,80
2010-02-25,7.4,10.9,86,81
2010-02-26,5.1,10.1,73,58
2010-02-27,3.9,12.4,75,83
2010-02-28,4.8,12.5,79,77
2010-03-01,0.5,9.1,75,84
2010-03-02,2.5,10.1,74,60
2010-03-03,1.2,8.6,60,99
2010-03-04,0.8,7.2,53,73
2010-03-05,-2.7,5.2,72,43
2010-03-06,-1.2,6.0,74,48
2010-03-07,-4.0,3.4,54,17
2010-03-08,-3.4,4.6,55,1
2010-03-09,-3.3,3.0,60,7
2010-03-10,-3.3,6.9,51,82
2010-03-11,-2.7,5.2,73,49
2010-03-12,-1.4,5.5,76,76
2010-03-13,1.6,6.4,80,93
2010-03-14,0.4,8.5,77,63
2010-03-15,-0.8,10.6,80,30
2010-03-16,-0.6,11.0,76,49
2010-03-17,1.7,14.6,68,99
2010-03-18,2.6,15.3,65,100
2010-03-19,9.5,16.9,71,88
2010-03-20,11.1,17.6,85,85
2010-03-21,7.2,12.3,81,96
2010-03-22,4.5,13.2,77,47
2010-03-23,5.5,14.4,77,71
2010-03-24,7.5,17.2,73,93
2010-03-25,8.8,15.8,75,87
2010-03-26,6.7,12.1,79,98
2010-03-27,6.5,12.0,79,89
2010-03-28,7.0,12.7,83,95
2010-03-29,9.3,16.3,83,89
2010-03-30,6.6,12.5,78,78
2010-03-31,3.7,10.4,64,39
2010-04-01,1.8,10.2,64,34
2010-04-02,3.7,9.1,80,85
2010-04-03,5.7,10.5,81,83
2010-04-04,3.6,10.8,74,62
2010-04-05,1.3,11.3,71,73
2010-04-06,3.1,16.9,69,22
2010-04-07,6.1,15.6,78,95
2010-04-08,7.6,12.6,76,85
2010-04-09,4.0,15.7,68,18
2010-04-10,5.3,14.6,71,38
2010-04-11,4.0,12.0,70,56
2010-04-12,2.6,11.3,70,47
2010-04-13,4.5,14.5,72,56
2010-04-14,4.0,14.1,72,63
2010-04-15,4.5,14.0,68,21
2010-04-16,4.9,13.5,66,8
2010-04-17,3.0,15.7,68,37
2010-04-18,2.4,18.5,66,54
2010-04-19,3.8,17.8,67,27
2010-04-20,5.0,15.4,66,16
2010-04-21,1.8,14.5,63,55
2010-04-22,3.7,13.5,60,96
2010-04-23,4.2,16.9,56,37
2010-04-24,3.2,20.4,57,0
2010-04-25,7.6,20.2,64,51
2010-04-26,7.0,16.0,73,59
2010-04-27,4.7,18.4,73,50
2010-04-28,6.3,23.2,64,74
2010-04-29,10.0,25.1,65,85
2010-04-30,11.6,15.4,68,86
2010-05-01,8.9,16.6,63,78
2010-05-02,7.4,14.5,78,61
2010-05-03,5.4,10.5,71,77
2010-05-04,5.0,11.2,61,94
2010-05-05,4.1,12.0,61,90
2010-05-06,4.8,12.8,66,92
2010-05-07,4.6,12.0,68,85
2010-05-08,6.6,14.9,67,76
2010-05-09,7.5,16.8,69,78
2010-05-10,7.1,15.1,73,95
2010-05-11,5.2,8.6,84,100
2010-05-12,4.8,10.7,73,87
2010-05-13,2.5,11.3,75,58
2010-05-14,3.3,13.0,74,71
2010-05-15,4.0,14.5,62,51
2010-05-16,5.3,16.2,66,82
2010-05-17,9.1,16.0,66,69
2010-05-18,4.5,16.6,65,45
2010-05-19,5.6,17.7,59,3
2010-05-20,5.9,19.7,60,3
2010-05-21,10.0,22.0,64,20
2010-05-22,10.9,22.6,62,36
2010-05-23,10.7,25.1,59,0
2010-05-24,12.2,27.5,57,0
2010-05-25,13.3,28.1,64,53
2010-05-26,13.2,20.7,80,63
2010-05-27,11.7,18.1,86,95
2010-05-28,9.9,18.8,66,67
2010-05-29,9.6,17.3,70,84
2010-05-30,12.7,17.6,76,99
2010-05-31,10.5,15.9,68,79
2010-06-01,10.1,15.9,82,99
2010-06-02,11.9,19.8,73,67
2010-06-03,10.0,22.9,64,0
2010-06-04,12.0,25.6,62,0
2010-06-05,13.4,27.2,61,46
2010-06-06,16.4,21.5,71,85
2010-06-07,11.9,21.0,66,76
2010-06-08,14.5,20.7,69,95
2010-06-09,14.3,18.4,87,99
2010-06-10,15.3,22.5,89,83
2010-06-11,14.1,23.7,75,36
2010-06-12,14.6,19.2,78,92
2010-06-13,9.9,17.5,70,75
2010-06-14,12.7,19.8,74,95
2010-06-15,12.4,19.7,74,90
2010-06-16,10.2,19.9,62,82
2010-06-17,14.2,19.3,67,100
2010-06-18,13.6,20.6,71,85
2010-06-19,10.1,14.6,69,76
2010-06-20,9.2,15.4,66,83
2010-06-21,8.9,16.3,70,84
2010-06-22,8.4,21.6,68,14
2010-06-23,10.4,23.8,64,30
2010-06-24,12.7,25.5,63,19
2010-06-25,12.8,25.6,64,20
2010-06-26,14.3,27.2,62,24
2010-06-27,15.8,28.2,59,34
2010-06-28,18.0,26.3,63,70
2010-06-29,17.0,26.9,54,44
2010-06-30,15.1,28.5,50,66
2010-07-01,16.1,31.1,52,62
2010-07-02,20.8,32.7,54,55
2010-07-03,18.3,24.0,80,97
2010-07-04,15.5,24.9,55,21
2010-07-05,15.0,21.0,68,42
2010-07-06,12.0,23.4,61,61
2010-07-07,13.0,27.3,56,7
2010-07-08,14.9,31.2,50,4
2010-07-09,20.5,30.3,62,68
2010-07-10,17.9,29.3,66,41
2010-07-11,20.2,29.7,59,16
2010-07-12,19.6,25.8,70,96
2010-07-13,17.7,26.6,58,58
2010-07-14,16.6,22.9,74,45
2010-07-15,15.0,21.9,58,47
2010-07-16,16.1,24.8,60,39
2010-07-17,15.0,21.6,60,61
2010-07-18,11.0,23.0,56,0
2010-07-19,12.6,27.7,52,21
2010-07-20,15.5,30.5,53,75
2010-07-21,17.6,25.7,63,87
2010-07-22,14.9,23.2,58,70
2010-07-23,15.6,21.8,63,42
2010-07-24,12.2,22.4,67,61
2010-07-25,15.4,20.8,69,90
2010-07-26,14.9,23.3,75,73
2010-07-27,17.2,24.7,75,83
2010-07-28,16.5,24.8,68,76
2010-07-29,14.6,21.7,62,61
2010-07-30,12.6,22.9,63,67
2010-07-31,15.8,25.9,60,59
2010-08-01,15.6,24.1,64,76
2010-08-02,14.6,22.7,71,58
2010-08-03,12.2,23.3,65,52
2010-08-04,15.9,22.4,66,96
2010-08-05,12.7,20.7,64,45
2010-08-06,10.4,21.8,63,43
2010-08-07,13.8,24.0,65,71
2010-08-08,13.8,22.6,69,76
2010-08-09,14.0,25.0,64,57
2010-08-10,13.0,25.7,72,81
2010-08-11,16.3,22.1,82,90
2010-08-12,12.4,21.1,69,37
2010-08-13,11.8,20.5,71,38
2010-08-14,10.4,21.1,70,40
2010-08-15,14.2,16.4,90,100
2010-08-16,12.9,18.1,82,91
2010-08-17,14.7,18.8,75,97
2010-08-18,15.0,19.3,72,89
2010-08-19,10.1,22.8,67,48
2010-08-20,14.2,27.7,68,16
2010-08-21,15.4,27.9,69,9
2010-08-22,17.8,26.9,75,79
2010-08-23,18.5,23.4,76,90
2010-08-24,13.9,20.3,60,70
2010-08-25,11.7,23.2,66,82
2010-08-26,19.0,25.4,78,99
2010-08-27,15.6,22.2,80,77
2010-08-28,12.6,19.3,64,42
2010-08-29,11.4,18.3,71,76
2010-08-30,9.6,17.1,68,46
2010-08-31,9.1,18.8,69,30
2010-09-01,9.5,20.5,67,24
2010-09-02,11.6,22.0,68,79
2010-09-03,11.3,22.6,71,15
2010-09-04,11.4,22.0,70,81
2010-09-05,11.6,22.9,65,54
2010-09-06,13.4,21.2,71,94
2010-09-07,13.7,19.9,78,82
2010-09-08,12.7,16.0,93,96
2010-09-09,10.9,20.1,76,59
2010-09-10,10.3,21.3,74,67
2010-09-11,12.6,23.5,72,85
2010-09-12,13.3,20.2,76,55
2010-09-13,9.4,20.1,73,67
2010-09-14,14.0,21.9,64,85
2010-09-15,14.7,18.3,70,92
2010-09-16,10.8,18.2,69,58
2010-09-17,9.9,17.8,70,33
2010-09-18,6.1,15.8,71,52
2010-09-19,6.3,18.4,72,23
2010-09-20,7.3,20.5,67,40
2010-09-21,7.3,21.8,70,3
2010-09-22,8.7,24.7,71,20
2010-09-23,14.2,24.1,69,96
2010-09-24,12.4,18.1,84,84
2010-09-25,10.1,14.0,70,77
2010-09-26,7.5,12.4,80,70
2010-09-27,8.2,13.8,83,99
2010-09-28,9.5,14.4,83,100
2010-09-29,12.6,17.8,81,98
2010-09-30,11.0,16.0,80,99
2010-10-01,8.6,16.9,84,84
2010-10-02,13.1,20.1,87,88
2010-10-03,13.9,24.2,71,71
2010-10-04,14.0,18.3,86,92
2010-10-05,11.8,17.2,88,94
2010-10-06,13.5,17.6,85,97
2010-10-07,12.8,21.6,85,62
2010-10-08,12.5,22.3,85,12
2010-10-09,13.2,22.6,84,0
2010-10-10,12.3,19.0,76,9
2010-10-11,9.2,18.1,54,0
2010-10-12,6.6,16.1,67,0
2010-10-13,4.9,12.8,77,16
2010-10-14,5.2,13.6,78,13
2010-10-15,8.5,13.0,79,91
2010-10-16,6.7,13.4,77,58
2010-10-17,3.4,9.5,73,71
2010-10-18,1.8,12.2,74,58
2010-10-19,7.9,13.3,82,85
2010-10-20,4.3,10.4,73,44
2010-10-21,0.6,9.3,71,23
2010-10-22,0.6,10.8,75,43
2010-10-23,1.5,10.7,84,81
2010-10-24,4.7,10.5,82,41
2010-10-25,3.6,10.3,79,20
2010-10-26,-1.0,10.0,79,70
2010-10-27,7.2,12.7,57,97
2010-10-28,8.9,13.9,80,94
2010-10-29,8.1,16.9,71,100
2010-10-30,9.3,14.8,81,77
2010-10-31,8.9,15.4,85,89
2010-11-01,7.9,13.1,85,69
2010-11-02,6.0,12.8,92,89
2010-11-03,10.9,15.7,85,99
2010-11-04,12.9,16.2,84,97
2010-11-05,10.9,15.6,79,60
2010-11-06,9.0,12.2,92,91
2010-11-07,4.3,8.9,91,95
2010-11-08,2.7,6.8,94,93
2010-11-09,5.5,9.8,93,91
2010-11-10,3.2,8.7,86,61
2010-11-11,3.0,13.7,88,91
2010-11-12,9.9,14.2,80,92
2010-11-13,13.1,14.3,85,100
2010-11-14,8.1,13.5,80,100
2010-11-15,4.7,11.3,86,70
2010-11-16,1.5,9.0,93,31
2010-11-17,1.6,5.9,88,87
2010-11-18,3.1,8.4,88,90
2010-11-19,4.4,8.9,90,87
2010-11-20,4.9,10.9,84,90
2010-11-21,4.1,7.2,93,100
2010-11-22,3.6,5.4,88,99
2010-11-23,1.1,6.9,89,72
2010-11-24,0.8,6.4,90,50
2010-11-25,-0.1,4.0,88,80
2010-11-26,-2.3,3.3,84,31
